wkt_geom,SSC_CODE,SSC_NAME,CONF_VALUE,SQKM
POINT(145.516254 -38.509839),21499,Woolamai,Very good,36.83185787
POINT(144.910902 -37.749808),20470,Essendon,Very good,6.157485737
POINT(144.900409 -37.726907),20471,Essendon Fields,Very poor,3.354922386
POINT(144.901238 -37.738473),20472,Essendon North,Very good,0.732613582
POINT(144.885155 -37.754094),20473,Essendon West,Good,1.026025948
POINT(145.536597 -37.787971),21504,Woori Yallock,Very good,22.81990344
POINT(145.248215 -37.997797),20474,Eumemmerring,Very good,1.0058619
POINT(144.530964 -37.755082),20479,Eynesbury,Acceptable,69.48899647
POINT(145.015814 -37.784514),20480,Fairfield (Vic.),Very good,3.538174202
POINT(144.076463 -38.465565),20481,Fairhaven,Poor,2.477246932
POINT(144.541006 -37.841496),21513,Wyndham Vale,Very good,128.239646
POINT(144.969606 -37.705235),20484,Fawkner,Very good,5.084927468
POINT(145.280482 -37.884278),20486,Ferntree Gully,Very good,13.79614233
POINT(145.335066 -37.875256),20487,Ferny Creek,Very good,5.228919613
POINT(145.093519 -37.725149),21518,Yallambie,Very good,2.967900238
POINT(144.849919 -38.413990),20488,Fingal (Vic.),Very good,21.31115947
POINT(144.979133 -37.801044),20490,Fitzroy (Vic.),Very good,1.377488001
POINT(144.984302 -37.784078),20491,Fitzroy North,Very good,2.504862277
POINT(145.128581 -37.546006),21522,Yan Yean,Poor,33.77695
POINT(144.919333 -37.786758),20492,Flemington,Very good,2.871871402
POINT(144.978276 -38.458355),20493,Flinders (Vic.),Very good,55.1320557
POINT(144.122796 -37.205324),21524,Yandoit,Poor,114.9991927
POINT(145.643965 -38.225275),21525,Yannathan,Very good,36.24728667
POINT(145.302865 -37.331309),20495,Flowerdale (Vic.),Poor,148.8909757
POINT(144.152316 -37.121493),21526,Yapeen,Poor,55.74401403
POINT(144.897319 -37.798129),20496,Footscray,Very good,4.967185113
POINT(145.633185 -37.074581),21527,Yarck,Very poor,367.2706062
POINT(145.171048 -37.839870),20497,Forest Hill (Vic.),Very good,4.070519298
POINT(145.381525 -37.646830),21528,Yarra Glen,Very good,35.17664703
POINT(145.626456 -37.796168),21529,Yarra Junction,Very good,15.69818233
POINT(145.145704 -38.148190),20502,Frankston,Very good,19.74520596
POINT(145.134857 -37.637513),21533,Yarrambat,Very good,15.3454171
POINT(145.163859 -38.123924),20503,Frankston North,Very good,5.118330311
POINT(144.881972 -37.817976),21534,Yarraville,Very good,5.620441176
POINT(145.129465 -38.176449),20504,Frankston South,Very good,14.56052447
POINT(145.364899 -38.350014),20506,French Island,Very good,170.2290381
POINT(145.415311 -37.256303),21537,Yea,Good,220.1697094
POINT(144.249604 -38.270307),20507,Freshwater Creek,Very good,53.55152349
POINT(145.529140 -37.846009),21538,Yellingbo,Very good,42.41500973
POINT(144.246013 -37.161044),20508,Fryerstown,Poor,79.20302041
POINT(143.979280 -37.640983),21540,Yendon,Very good,22.22916666
POINT(144.292337 -38.124850),20510,Fyansford,Very good,24.41247508
POINT(145.009128 -37.898126),20513,Gardenvale,Very good,0.258776809
POINT(144.879856 -37.583617),21544,Yuroke,Poor,20.51134781
POINT(145.674779 -38.100444),20514,Garfield (Vic.),Good,19.26024613
POINT(145.679176 -38.040437),20515,Garfield North,Very good,21.12977201
POINT(144.361764 -38.149960),20518,Geelong,Very good,3.310184222
POINT(144.344930 -38.139371),20519,Geelong West,Very good,2.353319016
POINT(145.633622 -37.945293),20521,Gembrook,Acceptable,208.4393521
POINT(145.835869 -37.938023),20523,Gentle Annie,Very good,193.0398319
POINT(144.103381 -38.311296),20525,Gherang,Very good,28.6016598
POINT(144.229177 -38.097888),20526,Gheringhap,Very poor,61.43221158
POINT(144.568945 -37.511229),20528,Gisborne,Very good,96.6545313
POINT(144.624321 -37.548801),20529,Gisborne South,Very good,17.81832086
POINT(144.894507 -37.689837),20530,Gladstone Park,Very good,3.864269837
POINT(145.642453 -37.839049),20531,Gladysdale,Very good,23.99225987
POINT(145.611505 -38.506247),20532,Glen Alvie,Poor,81.60787408
POINT(145.041353 -37.892371),20533,Glen Huntly,Very good,0.893633668
POINT(145.064606 -37.855796),20534,Glen Iris (Vic.),Very good,8.58581566
POINT(145.168178 -37.881607),20535,Glen Waverley,Very good,16.83945243
POINT(145.428520 -37.404093),20537,Glenburn,Very good,162.6051481
POINT(144.237414 -37.270575),20542,Glenlyon (Vic.),Poor,124.435681
POINT(144.927489 -37.702851),20547,Glenroy (Vic.),Very good,8.84869023
POINT(144.063857 -38.147712),20549,Gnarwarre,Acceptable,159.9595231
POINT(144.821639 -37.308075),20554,Goldie,Poor,100.7882547
POINT(144.123902 -37.528531),20559,Gordon (Vic.),Acceptable,124.2087745
POINT(145.993900 -37.172012),20562,Goughs Bay,Acceptable,232.3864914
POINT(144.897551 -37.702802),20563,Gowanbrae,Good,1.522712051
POINT(145.551746 -38.413503),20566,Grantville,Good,19.58870732
POINT(144.296291 -37.564030),20570,Greendale (Vic.),Very good,20.6396663
POINT(145.107383 -37.698830),20571,Greensborough,Very good,10.17290011
POINT(144.873285 -37.646322),20572,Greenvale (Vic.),Very good,18.26528383
POINT(144.331674 -38.203242),20575,Grovedale,Very good,6.819846924
POINT(145.465489 -37.730119),20576,Gruyere,Very good,54.76259151
POINT(144.165745 -37.149192),20577,Guildford (Vic.),Poor,1.516266946
POINT(145.390593 -38.014263),20580,Guys Hill,Very good,4.122696765
POINT(144.950252 -37.710157),20582,Hadfield,Very good,3.060266141
POINT(145.268662 -38.007197),20583,Hallam,Very good,8.334459415
POINT(145.860653 -38.277085),20584,Hallora,Very poor,58.31659143
POINT(146.009861 -38.358039),20586,Hallston,Very poor,122.7107572
POINT(144.327553 -38.121851),20588,Hamlyn Heights,Very good,2.778148627
POINT(145.009131 -37.937390),20589,Hampton (Vic.),Very good,4.333770536
POINT(145.030657 -37.938532),20590,Hampton East,Good,1.351372991
POINT(145.268601 -38.038599),20591,Hampton Park,Very good,13.3358655
POINT(145.359105 -37.994399),20594,Harkaway,Good,12.99069161
POINT(145.564600 -38.622454),20595,Harmers Haven,Poor,25.32686636
POINT(145.184130 -38.296792),20599,Hastings (Vic.),Very good,25.90645425
POINT(145.031709 -37.824428),20603,Hawthorn (Vic.),Very good,5.730805734
POINT(145.049968 -37.831355),20604,Hawthorn East,Good,3.769033702
POINT(145.272828 -37.371498),20605,Hazeldene,Poor,1.979235556
POINT(145.548693 -37.623887),20609,Healesville,Very good,182.9002192
POINT(145.686833 -38.263938),20610,Heath Hill,Very poor,43.53452835
POINT(145.042107 -37.381715),20612,Heathcote Junction,Good,11.22171506
POINT(145.093194 -37.956066),20613,Heatherton,Very good,7.116953002
POINT(145.243941 -37.830686),20615,Heathmont,Very good,4.489125402
POINT(145.069651 -37.752619),20616,Heidelberg,Very good,2.993463328
POINT(145.052840 -37.745418),20617,Heidelberg Heights,Very good,2.547598001
POINT(145.043601 -37.738141),20618,Heidelberg West,Very good,3.212632173
POINT(144.130985 -37.311034),20619,Hepburn,Acceptable,1.442957124
POINT(144.139124 -37.316636),20620,Hepburn Springs,Acceptable,0.426829294
POINT(144.324065 -38.134265),20621,Herne Hill (Vic.),Very good,1.500413968
POINT(144.655670 -37.351549),20623,Hesket,Poor,55.51911052
POINT(145.039790 -37.950386),20627,Highett,Good,3.934782237
POINT(145.418348 -37.093661),20628,Highlands,Poor,286.1082485
POINT(144.311399 -38.170580),20629,Highton,Very good,11.80632324
POINT(144.741722 -37.690471),20632,Hillside (Melton - Vic.),Very good,8.205010648
POINT(145.198220 -38.381071),20633,Hmas Cerberus,Very good,15.40307511
POINT(145.604736 -37.863945),20634,Hoddles Creek,Very good,60.53412669
POINT(144.501634 -37.695031),20636,Hopetoun Park,Very good,7.42447004
POINT(144.695255 -37.866634),20637,Hoppers Crossing,Very good,18.09913423
POINT(145.081136 -37.899480),20642,Hughesdale,Very good,2.009681194
POINT(145.192835 -37.502245),20643,Humevale,Poor,45.28667733
POINT(145.108474 -37.907657),20645,Huntingdale (Vic.),Very good,0.79794067
POINT(145.194337 -37.637580),20649,Hurstbridge,Very good,14.84189855
POINT(144.701794 -38.137654),20651,Indented Head,Very good,4.08597961
POINT(143.946762 -38.085347),20655,Inverleigh,Good,199.4673939
POINT(145.715892 -38.621509),20656,Inverloch,Very good,121.6768371
POINT(145.688498 -38.154147),20659,Iona,Poor,41.72593762
POINT(145.043078 -37.769033),20663,Ivanhoe (Vic.),Very good,5.050326731
POINT(145.061778 -37.773394),20664,Ivanhoe East,Very good,2.12938478
POINT(144.911107 -37.687781),20665,Jacana,Very good,1.099651307
POINT(144.295181 -38.344546),20669,Jan Juc,Very good,6.089009697
POINT(145.891209 -38.029621),20673,Jindivick,Very good,73.56792729
POINT(145.296841 -38.136355),20676,Junction Village,Very good,2.893078435
POINT(145.411819 -37.901253),20681,Kallista,Very good,9.606698212
POINT(145.372127 -37.819375),20682,Kalorama,Very good,3.362025391
POINT(145.231701 -37.689185),20684,Kangaroo Ground,Very good,31.41898106
POINT(145.879038 -38.403495),20687,Kardella,Poor,37.74721593
POINT(144.828299 -37.737100),20691,Kealba,Very good,2.644259733
POINT(144.825033 -37.711339),20693,Keilor,Very good,5.650245596
POINT(144.804794 -37.720587),20694,Keilor Downs,Very good,5.015549906
POINT(144.856086 -37.738346),20695,Keilor East,Very good,10.15521284
POINT(144.799809 -37.698405),20696,Keilor Lodge,Very good,0.859622642
POINT(144.793026 -37.681619),20697,Keilor North,Very good,7.436472331
POINT(144.850849 -37.718718),20698,Keilor Park,Very good,3.095214672
POINT(144.927068 -37.794332),20700,Kensington (Vic.),Very good,2.146993603
POINT(145.033315 -37.803361),20703,Kew (Vic.),Very good,10.64753295
POINT(145.052776 -37.790443),20704,Kew East,Very good,3.901365832
POINT(145.167342 -38.005338),20705,Keysborough,Very good,21.665282
POINT(145.470076 -38.546394),20710,Kilcunda,Acceptable,2.118277679
POINT(144.927477 -37.306099),20711,Kilmore,Very good,92.6957053
POINT(145.011229 -37.278288),20712,Kilmore East,Very good,55.02336504
POINT(145.317230 -37.814450),20713,Kilsyth,Very good,9.710062997
POINT(145.310976 -37.831484),20714,Kilsyth South,Very good,3.353064586
POINT(145.345949 -37.552705),20716,Kinglake,Good,44.59079932
POINT(145.352347 -37.469809),20717,Kinglake Central,Very good,87.25146984
POINT(145.248512 -37.503075),20718,Kinglake West,Poor,29.95444076
POINT(144.771969 -37.733718),20719,Kings Park (Vic.),Very good,2.528209648
POINT(145.033826 -37.716081),20720,Kingsbury,Very good,1.306426744
POINT(143.972061 -37.399876),20721,Kingston (Vic.),Poor,43.49054837
POINT(144.879432 -37.808855),20722,Kingsville,Very good,0.724858863
POINT(145.249621 -37.889776),20726,Knoxfield,Very good,5.524013966
POINT(145.473253 -38.186788),20729,Koo Wee Rup,Good,77.69084926
POINT(145.952056 -38.559807),20732,Koonwarra,Very good,36.80705514
POINT(145.035831 -37.841363),20734,Kooyong,Very good,0.50811356
POINT(144.332054 -37.516162),20735,Korobeit,Very poor,406.1994995
POINT(145.825977 -38.448728),20738,Korumburra,Very good,85.86281376
POINT(144.139057 -37.428459),20739,Korweinguboora,Acceptable,57.31329367
POINT(145.625097 -38.447011),20742,Krowera,Very poor,67.01104255
POINT(144.590481 -37.664133),20743,Kurunjang,Very good,7.623244449
POINT(144.445850 -37.210031),20745,Kyneton,Very good,155.4748699
POINT(145.791888 -38.036507),20748,Labertouche,Acceptable,73.61941501
POINT(144.030585 -37.677451),20760,Lal Lal,Acceptable,73.19869705
POINT(145.003928 -37.662904),20762,Lalor,Very good,12.06419211
POINT(145.654966 -38.550370),20764,Lance Creek,Poor,33.56390908
POINT(144.702120 -37.252820),20765,Lancefield,Good,161.8165424
POINT(145.582348 -38.277476),20767,Lang Lang,Very good,61.82960747
POINT(145.197427 -38.154571),20769,Langwarrin,Very good,28.84430086
POINT(145.191000 -38.189075),20770,Langwarrin South,Very good,8.77532235
POINT(144.401267 -38.004924),20771,Lara,Very good,89.41985861
POINT(145.569929 -37.775143),20774,Launching Place,Very good,38.40152562
POINT(144.358423 -37.271180),20775,Lauriston,Poor,54.82313807
POINT(144.773407 -37.857230),20776,Laverton (Vic.),Good,1.742477391
POINT(144.787190 -37.830019),20777,Laverton North,Very good,15.46112924
POINT(145.944866 -38.474386),20783,Leongatha,Very good,41.37955263
POINT(145.960556 -38.424752),20784,Leongatha North,Very poor,66.60995415
POINT(145.875568 -38.545350),20785,Leongatha South,Very good,137.7624984
POINT(144.468894 -38.192815),20786,Leopold,Very good,27.92829363
POINT(144.096548 -37.955982),20787,Lethbridge,Very good,88.32687316
POINT(145.367856 -37.755636),20790,Lilydale (Vic.),Very good,29.13184064
POINT(144.491566 -37.926228),20796,Little River (Vic.),Acceptable,235.4783104
POINT(145.712780 -38.388450),20797,Loch,Poor,117.250847
POINT(144.506954 -37.655806),20802,Long Forest,Very good,10.88143016
POINT(145.778594 -38.121614),20806,Longwarry,Very good,40.14038358
POINT(144.016149 -38.442187),20808,Lorne (Vic.),Acceptable,435.8820794
POINT(144.326240 -38.064843),20809,Lovely Banks,Good,11.49339142
POINT(145.116214 -37.738827),20810,Lower Plenty,Very good,6.82224514
POINT(145.256150 -38.055884),20814,Lynbrook,Very good,4.090320439
POINT(145.249417 -38.069584),20815,Lyndhurst (Vic.),Very good,3.289290232
POINT(144.237283 -37.405352),20816,Lyonville,Poor,63.71928217
POINT(145.290808 -37.926968),20817,Lysterfield,Very good,18.49374698
POINT(145.266966 -37.952496),20818,Lysterfield South,Very good,4.572503752
POINT(145.488914 -37.878504),20820,Macclesfield (Vic.),Very good,28.8897309
POINT(144.555869 -37.428476),20821,Macedon,Very good,38.97326703
POINT(145.069825 -37.720438),20822,Macleod (Vic.),Very good,4.933989513
POINT(144.427159 -37.694217),20823,Maddingley,Very good,31.26434822
POINT(144.874142 -37.781929),20827,Maidstone,Very good,3.157587769
POINT(144.966580 -38.400321),20829,Main Ridge,Acceptable,28.74075976
POINT(144.377233 -37.188804),20833,Malmsbury,Acceptable,3.032775706
POINT(145.035073 -37.857627),20834,Malvern (Vic.),Very good,2.749771271
POINT(145.065847 -37.876836),20835,Malvern East,Very good,7.567914803
POINT(144.333690 -38.137615),20840,Manifold Heights,Very good,0.936784093
POINT(144.611778 -38.228462),20841,Mannerim,Poor,51.96189393
POINT(144.567146 -38.245847),20845,Marcus Hill,Poor,19.3471039
POINT(144.887761 -37.772691),20847,Maribyrnong,Very good,5.495089676
POINT(144.363145 -38.208256),20852,Marshall,Good,14.01736727
POINT(145.604209 -38.034227),20854,Maryknoll,Very good,3.36601776
POINT(145.747270 -37.511976),20855,Marysville,Poor,2.086813377
POINT(144.206116 -37.978474),20856,Maude (Vic.),Poor,75.95203372
POINT(144.933830 -38.359970),20857,McCrae,Very good,5.611407599
POINT(144.184957 -37.070150),20859,McKenzie Hill,Poor,4.088941323
POINT(145.038194 -37.910660),20860,McKinnon,Very good,1.555890576
POINT(145.976083 -37.651293),20861,McMahons Creek,Poor,854.8006259
POINT(144.918555 -37.651165),20864,Meadow Heights,Very good,4.625291331
POINT(145.997723 -38.573085),20865,Meeniyan,Acceptable,66.64252021
POINT(144.972273 -37.822608),20867,Melbourne,Very good,6.232140823
POINT(144.836519 -37.676422),20868,Melbourne Airport,Poor,30.38486828
POINT(144.588902 -37.684070),20869,Melton (Vic.),Very good,7.239659394
POINT(144.587744 -37.720545),20870,Melton South,Very good,30.78924238
POINT(144.542604 -37.664872),20871,Melton West,Very good,24.20224333
POINT(145.069049 -37.981645),20872,Mentone,Very good,4.449583371
POINT(145.401298 -37.923675),20873,Menzies Creek,Very good,7.274076347
POINT(144.043371 -37.861796),20877,Meredith,Very good,210.8443152
POINT(145.081909 -37.592098),20880,Mernda,Very good,23.82508478
POINT(145.076743 -38.345169),20881,Merricks North,Very good,25.23532748
POINT(144.477231 -37.657123),20884,Merrimu,Very good,18.40659207
POINT(144.467030 -37.107939),20886,Metcalfe,Very poor,139.6809563
POINT(144.902039 -37.536641),20889,Mickleham,Very good,50.23886646
POINT(144.962014 -37.851159),20890,Middle Park (Vic.),Very good,0.847617297
POINT(145.064518 -37.664001),20894,Mill Park,Very good,13.06167278
POINT(144.049336 -37.595414),20895,Millbrook (Vic.),Poor,49.78772289
POINT(145.654694 -37.753110),20896,Millgrove,Very good,2.419658928
POINT(145.199007 -37.818177),20902,Mitcham (Vic.),Very good,6.627041085
POINT(144.091692 -38.248562),20905,Modewarre,Poor,120.3487029
POINT(145.428490 -37.874152),20908,Monbulk,Very good,19.23727331
POINT(144.805378 -37.396894),20909,Monegeetta,Acceptable,53.84049033
POINT(145.107560 -37.817532),20910,Mont Albert,Very good,1.759270139
POINT(145.110896 -37.803581),20911,Mont Albert North,Very good,2.098949122
POINT(145.125301 -37.719000),20912,Montmorency,Very good,3.899370203
POINT(145.347947 -37.811136),20913,Montrose (Vic.),Very good,10.5432351
POINT(144.421652 -38.180273),20914,Moolap,Acceptable,37.0774244
POINT(144.921429 -37.765626),20916,Moonee Ponds,Very good,4.355399746
POINT(145.057783 -37.941458),20917,Moorabbin,Very good,4.582730802
POINT(145.099518 -37.977457),20918,Moorabbin Airport,Very good,3.075571037
POINT(144.298678 -38.039269),20919,Moorabool,Poor,43.88650428
POINT(145.118995 -38.247030),20920,Moorooduc,Very good,42.8782007
POINT(145.325672 -37.781338),20921,Mooroolbark,Very good,12.54390374
POINT(145.096060 -37.999361),20924,Mordialloc,Very good,4.399812238
POINT(144.172524 -38.245218),20925,Moriac,Acceptable,1.415736511
POINT(145.060281 -38.230432),20926,Mornington (Vic.),Very good,21.08987296
POINT(144.125007 -37.740594),20927,Morrisons,Poor,118.2268626
POINT(144.655673 -37.789092),20935,Mount Cottrell,Poor,122.116133
POINT(145.355106 -37.832134),20936,Mount Dandenong,Very good,4.965473
POINT(144.327368 -38.256698),20937,Mount Duneed,Acceptable,34.4505837
POINT(144.110241 -37.648227),20938,Mount Egerton,Very good,55.92557905
POINT(145.092892 -38.195076),20939,Mount Eliza,Very good,23.21001067
POINT(145.388211 -37.787292),20940,Mount Evelyn,Very good,16.98976182
POINT(144.088056 -37.286958),20941,Mount Franklin,Very poor,123.9786781
POINT(144.593182 -37.392971),20943,Mount Macedon,Very good,34.01768454
POINT(145.030734 -38.275444),20944,Mount Martha,Very good,30.19249024
POINT(144.191687 -38.212709),20945,Mount Moriac,Very good,40.65016019
POINT(145.128497 -37.878382),20949,Mount Waverley,Very good,15.18490485
POINT(145.175882 -37.925684),20955,Mulgrave (Vic.),Very good,10.72205583
POINT(144.140839 -38.067054),20959,Murgheboluc,Poor,92.1435244
POINT(145.560984 -37.308597),20963,Murrindindi,Poor,470.440166
POINT(145.070368 -37.896838),20964,Murrumbeena,Good,2.514777272
POINT(144.182181 -37.354531),20966,Musk,Very poor,36.42039101
POINT(144.350004 -37.620127),20968,Myrniong,Poor,0.752452813
POINT(145.566149 -38.109171),20977,Nar Nar Goon,Very good,57.29329902
POINT(145.565165 -38.035444),20978,Nar Nar Goon North,Very good,42.02239245
POINT(145.722077 -37.511203),20979,Narbethong (Vic.),Very poor,409.1356148
POINT(145.305919 -38.018012),20985,Narre Warren,Very good,14.17709908
POINT(145.333697 -37.952527),20986,Narre Warren East,Acceptable,23.38227284
POINT(145.312871 -37.981337),20987,Narre Warren North,Very good,21.39698412
POINT(145.301875 -38.054374),20988,Narre Warren South,Very good,13.00317675
POINT(143.934272 -37.612791),20992,Navigators,Very good,21.26445379
POINT(145.955288 -37.933225),20993,Neerim,Very poor,41.65571001
POINT(145.983842 -38.013017),20995,Neerim South,Very good,63.70553721
POINT(146.035787 -38.461447),20998,Nerrena,Very poor,101.6532865
POINT(143.896701 -37.538337),20999,Nerrina,Very good,7.457541459
POINT(144.615251 -37.452386),21001,New Gisborne,Very good,26.22466688
POINT(144.394288 -38.166229),21004,Newcomb,Very good,2.44384726
POINT(144.603676 -37.299635),21005,Newham,Very good,48.99583607
POINT(145.356597 -38.513298),21006,Newhaven,Good,0.822741611
POINT(144.045703 -37.412225),21009,Newlyn North,Poor,53.68089062
POINT(144.880282 -37.843682),21011,Newport (Vic.),Very good,4.930642005
POINT(144.040677 -37.105985),21013,Newstead (Vic.),Acceptable,106.2207148
POINT(144.335071 -38.153908),21014,Newtown (Greater Geelong - Vic.),Very good,5.791361292
POINT(144.884742 -37.739743),21018,Niddrie,Very good,1.776977713
POINT(145.970315 -38.173005),21019,Nilma,Poor,0.821447033
POINT(146.003523 -38.127883),21020,Nilma North,Very good,32.07057153
POINT(145.176703 -37.969532),21022,Noble Park,Very good,8.56144131
POINT(145.190829 -37.951250),21023,Noble Park North,Very good,3.757857504
POINT(145.984902 -37.834421),21024,Noojee,Poor,335.4225541
POINT(144.358733 -38.091293),21026,Norlane,Very good,6.203834967
POINT(144.352786 -38.113202),21029,North Geelong,Very good,5.500028197
POINT(144.945165 -37.798566),21030,North Melbourne,Very good,2.389178105
POINT(144.372539 -38.098834),21031,North Shore (Vic.),Very good,0.258519065
POINT(144.999762 -37.804598),20001,Abbotsford (Vic.),Very good,1.740690754
POINT(144.897398 -37.759589),20002,Aberfeldie,Very good,1.551711546
POINT(145.215532 -37.725852),21033,North Warrandyte,Very good,8.766056824
POINT(145.659822 -37.243047),20003,Acheron,Poor,146.4753623
POINT(145.594045 -38.589559),21034,North Wonthaggi,Very good,3.041889038
POINT(144.106130 -38.458221),20004,Aireys Inlet,Very good,2.740144378
POINT(145.000962 -37.772822),21035,Northcote,Very good,5.849379605
POINT(144.881299 -37.723822),20005,Airport West,Very good,3.719782463
POINT(145.145544 -37.905580),21036,Notting Hill,Very good,1.09814449
POINT(144.768564 -37.746085),20006,Albanvale,Very good,1.903837932
POINT(144.963261 -37.844757),20007,Albert Park (Vic.),Very good,3.455994152
POINT(144.816042 -37.776382),20009,Albion (Vic.),Very good,2.564172855
POINT(145.176531 -37.817362),21040,Nunawading,Very good,5.078212063
POINT(145.782854 -37.170073),20010,Alexandra (Vic.),Very good,218.1419455
POINT(145.185502 -37.602125),21042,Nutfield,Very good,7.038497382
POINT(143.897794 -37.350630),20013,Allendale,Acceptable,37.14989598
POINT(145.660629 -38.316755),21045,Nyora (Vic.),Good,57.67767515
POINT(145.030892 -37.780412),20015,Alphington,Very good,2.816798551
POINT(144.917081 -37.717582),21046,Oak Park,Very good,2.048822288
POINT(144.813046 -37.860066),20016,Altona (Vic.),Very good,16.6009986
POINT(144.853770 -37.605353),21047,Oaklands Junction,Very poor,44.09622219
POINT(144.784434 -37.880991),20017,Altona Meadows,Very good,10.54008758
POINT(145.095678 -37.900696),21048,Oakleigh,Very good,3.475802271
POINT(144.834702 -37.837926),20018,Altona North,Very good,14.03038823
POINT(145.115320 -37.903906),21049,Oakleigh East,Very good,2.057824465
POINT(145.094275 -37.924400),21050,Oakleigh South,Very good,6.651433551
POINT(144.290489 -37.941623),20020,Anakie,Good,167.5263127
POINT(144.182163 -38.410153),20021,Anglesea,Very good,6.891562612
POINT(144.528266 -38.260975),21052,Ocean Grove,Very good,12.11793738
POINT(145.411399 -38.054287),21053,Officer,Very good,27.99589321
POINT(145.385511 -37.843737),21054,Olinda (Vic.),Acceptable,36.6362346
POINT(144.801440 -37.775857),20026,Ardeer,Very good,2.024104463
POINT(145.041453 -37.903864),21057,Ormond,Very good,2.043291137
POINT(145.020705 -37.856760),20028,Armadale (Vic.),Very good,2.182900409
POINT(145.206861 -37.564440),20029,Arthurs Creek,Poor,39.17536592
POINT(145.744938 -38.521071),21060,Outtrim,Poor,84.22346588
POINT(144.959765 -38.363170),20030,Arthurs Seat,Very good,8.814981297
POINT(145.484806 -38.073451),21063,Pakenham,Very good,86.48422145
POINT(144.913680 -37.776976),20033,Ascot Vale,Very good,3.835908918
POINT(145.492818 -38.138564),21064,Pakenham South,Acceptable,24.84939196
POINT(144.437566 -37.410394),20034,Ashbourne (Vic.),Poor,64.87804308
POINT(145.507641 -38.007809),21065,Pakenham Upper,Very good,32.01730318
POINT(145.080639 -37.867347),20035,Ashburton,Very good,2.85481786
POINT(145.102223 -37.866660),20036,Ashwood,Very good,2.6335503
POINT(145.247669 -37.644255),21067,Panton Hill,Very good,22.83703238
POINT(145.102414 -38.021900),20037,Aspendale,Very good,3.035314523
POINT(144.180498 -38.282004),21068,Paraparap,Poor,52.84791046
POINT(145.119841 -38.022141),20038,Aspendale Gardens,Very good,3.239577088
POINT(145.214628 -37.776885),21069,Park Orchards,Very good,9.389561827
POINT(145.786539 -38.242405),20039,Athlone,Very good,30.360005
POINT(145.081284 -37.991866),21070,Parkdale,Very good,3.568070747
POINT(144.884843 -37.667038),20040,Attwood,Very good,5.058980681
POINT(144.951533 -37.787105),21071,Parkville (Vic.),Very good,4.048695455
POINT(144.491632 -38.036362),20041,Avalon (Vic.),Acceptable,101.1868788
POINT(144.444238 -37.772669),21072,Parwan,Very poor,95.6526361
POINT(144.937939 -37.725074),21073,Pascoe Vale,Very good,4.934902652
POINT(144.938464 -37.743446),21074,Pascoe Vale South,Good,2.989804922
POINT(144.862606 -37.761552),20044,Avondale Heights,Very good,5.408483865
POINT(145.484767 -37.911631),20045,Avonsleigh,Acceptable,7.317338569
POINT(145.143275 -38.069335),21076,Patterson Lakes,Very good,4.269482206
POINT(145.242188 -38.201549),21078,Pearcedale,Very good,39.0382643
POINT(144.431030 -37.672208),20048,Bacchus Marsh,Very good,4.877593533
POINT(145.533260 -37.705163),20050,Badger Creek,Acceptable,45.88502246
POINT(145.274532 -37.453671),21083,Pheasant Creek (Vic.),Very poor,43.58330113
POINT(144.994724 -37.870299),20055,Balaclava (Vic.),Very good,0.805131333
POINT(144.236625 -37.618578),20056,Ballan,Very good,189.5739155
POINT(145.549460 -38.380693),21089,Pioneer Bay,Very good,0.210794517
POINT(145.112356 -37.667423),21091,Plenty (Vic.),Very good,10.97511213
POINT(144.332274 -37.850956),20061,Balliang,Very poor,116.9606249
POINT(144.690815 -37.687010),21092,Plumpton (Vic.),Very good,58.72990201
POINT(144.753279 -37.906460),21093,Point Cook,Very good,36.94872909
POINT(145.069438 -38.414967),21094,Point Leo,Very good,3.247449914
POINT(145.133890 -38.357180),20064,Balnarring,Acceptable,44.7818309
POINT(144.611033 -38.279157),21095,Point Lonsdale,Very good,3.42601418
POINT(145.115591 -38.395256),20065,Balnarring Beach,Very poor,1.386557775
POINT(145.083338 -37.809175),20066,Balwyn,Very good,4.404209832
POINT(145.084254 -37.791952),20067,Balwyn North,Very good,8.995839452
POINT(145.773411 -38.338799),21098,Poowong,Very good,49.58191468
POINT(145.766964 -38.290729),21099,Poowong North,Poor,49.50977344
POINT(145.190483 -38.052085),20071,Bangholme,Good,36.54321642
POINT(144.177914 -38.047819),20072,Bannockburn (Vic.),Very good,11.63949208
POINT(144.922248 -37.833170),21104,Port Melbourne,Very good,9.56942537
POINT(144.659744 -38.151499),21106,Portarlington,Very good,62.24228124
POINT(144.700397 -38.322783),21110,Portsea,Very good,11.32720887
POINT(145.747678 -37.862512),21111,Powelltown,Very good,1.254258525
POINT(145.000614 -37.851882),21112,Prahran,Very good,1.900854966
POINT(144.226312 -38.166656),20082,Barrabool,Very good,29.79437636
POINT(145.007822 -37.741871),21113,Preston (Vic.),Very good,11.31273284
POINT(144.966563 -37.781847),21114,Princes Hill,Very good,0.433150879
POINT(144.490498 -38.276306),20084,Barwon Heads,Very good,5.106174175
POINT(145.456164 -38.489942),20085,Bass,Good,67.01868698
POINT(144.278054 -38.092875),20086,Batesford,Acceptable,9.192409295
POINT(144.819216 -37.138186),21118,Pyalong,Good,199.9866978
POINT(145.156842 -38.200912),20089,Baxter,Very good,9.914972534
POINT(145.580568 -38.176081),20090,Bayles,Very good,23.72039296
POINT(144.615462 -37.163177),20091,Baynton (Vic.),Poor,201.0602786
POINT(145.264765 -37.845442),20092,Bayswater (Vic.),Very good,8.043669218
POINT(144.660306 -38.258379),21123,Queenscliff (Vic.),Very good,6.28680148
POINT(145.283641 -37.826943),20093,Bayswater North,Very good,6.556270703
POINT(145.383154 -38.040339),20094,Beaconsfield (Vic.),Very good,10.23338771
POINT(145.423780 -37.998085),20095,Beaconsfield Upper,Very good,28.30897188
POINT(144.744783 -37.787928),21126,Ravenhall,Very poor,2.615998623
POINT(145.038936 -37.982195),20099,Beaumaris (Vic.),Very good,5.198320694
POINT(145.015954 -38.363309),21132,Red Hill (Vic.),Acceptable,23.22411379
POINT(145.046175 -38.401155),21133,Red Hill South,Poor,44.53395717
POINT(145.355210 -37.912037),20103,Belgrave,Very good,4.076735658
POINT(145.346905 -37.926410),20104,Belgrave Heights,Very good,1.645478985
POINT(145.357322 -37.942405),20105,Belgrave South,Very good,12.69806433
POINT(145.149478 -37.246125),21136,Reedy Creek (Vic.),Poor,49.100533
POINT(144.338387 -38.107928),20106,Bell Park,Very good,3.26920449
POINT(144.319677 -38.095639),20107,Bell Post Hill,Very good,6.081236325
POINT(145.189025 -37.706614),21138,Research,Very good,9.609996884
POINT(144.236298 -38.337684),20108,Bellbrae,Very good,50.80085602
POINT(145.006912 -37.712264),21139,Reservoir (Vic.),Very good,19.12195228
POINT(145.038485 -37.753091),20110,Bellfield (Banyule - Vic.),Very good,0.930883569
POINT(145.294101 -38.490093),21141,Rhyll,Good,25.38166953
POINT(144.256404 -38.375091),20111,Bells Beach,Very good,11.55896138
POINT(145.002497 -37.820386),21142,Richmond (Vic.),Very good,4.475850948
POINT(144.342127 -38.178575),20112,Belmont (Vic.),Very good,9.36854746
POINT(144.677704 -37.438257),21143,Riddells Creek,Very good,83.34955461
POINT(145.233380 -37.811412),21144,Ringwood (Vic.),Very good,9.916130928
POINT(145.735835 -38.461155),20114,Bena,Very poor,47.23759779
POINT(145.253014 -37.813071),21145,Ringwood East,Very good,4.904166715
POINT(145.231190 -37.793004),21146,Ringwood North,Very good,5.314953646
POINT(145.747870 -38.197782),21147,Ripplebrook,Poor,58.18939634
POINT(145.283657 -37.698019),20117,Bend Of Islands,Very good,6.615131241
POINT(144.354973 -38.125677),21148,Rippleside,Very good,0.282909466
POINT(144.995277 -37.877775),21149,Ripponlea,Very good,0.285993959
POINT(145.038067 -37.922450),20120,Bentleigh,Very good,4.611460933
POINT(145.066689 -37.922110),20121,Bentleigh East,Very good,9.187105961
POINT(144.239794 -37.729475),20122,Beremboke,Very poor,174.8860531
POINT(145.348099 -38.040354),20125,Berwick,Very good,33.95774046
POINT(144.657618 -37.724986),21157,Rockbank,Very good,36.93757757
POINT(145.960447 -38.061777),21158,Rokeby (Vic.),Poor,22.31767536
POINT(144.728299 -37.352345),21160,Romsey,Very good,81.22340416
POINT(145.069658 -37.739593),21161,Rosanna,Very good,3.378534534
POINT(145.013448 -37.479857),20132,Beveridge,Good,44.77099086
POINT(144.909461 -38.371020),21163,Rosebud,Very good,12.65334531
POINT(144.875529 -38.373721),21164,Rosebud West,Very good,5.42352122
POINT(144.340735 -37.769408),21168,Rowsley,Poor,143.5387121
POINT(145.244778 -37.923916),21169,Rowville,Very good,21.64800691
POINT(145.177868 -38.337437),20139,Bittern,Very good,10.74455648
POINT(144.925549 -37.625810),21170,Roxburgh Park,Very good,6.740334905
POINT(145.022962 -37.970523),20141,Black Rock (Vic.),Very good,3.627255649
POINT(145.152258 -37.821696),20142,Blackburn,Very good,5.898889136
POINT(145.154322 -37.805366),20143,Blackburn North,Very good,2.708294734
POINT(144.185705 -38.017067),21174,Russells Bridge,Acceptable,24.27097532
POINT(145.146540 -37.839358),20144,Blackburn South,Very good,3.596733056
POINT(144.298567 -37.472996),20145,Blackwood (Vic.),Poor,5.531102087
POINT(144.809929 -38.382178),21176,Rye,Very good,14.68039819
POINT(144.772272 -38.368731),20146,Blairgowrie,Very good,6.273534306
POINT(145.000266 -38.315348),21177,Safety Beach (Vic.),Very good,6.008065261
POINT(144.026624 -37.352258),20147,Blampied,Very good,43.35016525
POINT(145.337698 -38.214273),20148,Blind Bight,Very good,0.54324949
POINT(145.379589 -38.526929),21180,San Remo (Vic.),Very good,3.583979436
POINT(145.127625 -38.063053),20151,Bonbeach,Very good,2.797976051
POINT(145.208677 -38.082098),21182,Sandhurst,Very good,3.173490907
POINT(143.998377 -37.187506),21183,Sandon (Vic.),Poor,143.2196533
POINT(144.904365 -38.431255),20153,Boneo,Acceptable,60.92895562
POINT(145.013879 -37.953304),21184,Sandringham (Vic.),Very good,3.572258862
POINT(145.356786 -37.867797),21187,Sassafras (Vic.),Acceptable,3.488574534
POINT(145.218283 -37.902581),21189,Scoresby,Very good,9.082727838
POINT(144.758656 -37.880921),21192,Seabrook,Very good,1.619894946
POINT(145.138447 -38.104821),21193,Seaford (Vic.),Very good,12.43171159
POINT(145.285965 -37.856291),20163,Boronia,Very good,11.26350598
POINT(144.845040 -37.863997),21194,Seaholme,Very good,1.083842841
POINT(145.268415 -38.139222),20165,Botanic Ridge,Very good,9.649052948
POINT(145.126096 -37.821522),20168,Box Hill (Vic.),Very good,3.522042171
POINT(144.891585 -37.806765),21199,Seddon (Vic.),Very good,0.955212926
POINT(145.129560 -37.805616),20169,Box Hill North,Very good,3.962609658
POINT(145.123375 -37.836620),20170,Box Hill South,Very good,3.490338245
POINT(145.378390 -37.918715),21201,Selby,Very good,6.558223437
POINT(145.117408 -38.012308),20171,Braeside,Very poor,0.372722309
POINT(144.854842 -37.786705),20173,Braybrook,Very good,4.325426743
POINT(145.475536 -37.792642),21204,Seville,Very good,21.3742178
POINT(144.369834 -38.177764),20174,Breakwater,Good,4.883547471
POINT(145.503193 -37.778579),21205,Seville East,Good,9.679845115
POINT(144.445662 -38.257676),20175,Breamlea,Very poor,40.34501903
POINT(145.121088 -37.706196),20177,Briar Hill,Very good,1.306166851
POINT(144.181963 -37.867356),21208,She Oaks,Very poor,96.22144029
POINT(143.961589 -37.974592),21210,Shelford,Poor,256.7091249
POINT(144.995817 -37.908189),20181,Brighton (Vic.),Very good,8.20049586
POINT(145.016386 -37.917174),20182,Brighton East,Very good,5.665195216
POINT(145.364879 -37.891217),21214,Sherbrooke,Very good,9.299868001
POINT(145.051734 -38.424411),21215,Shoreham,Acceptable,2.86377497
POINT(145.060878 -37.212494),20185,Broadford,Very good,120.0699713
POINT(145.444504 -37.834187),21216,Silvan,Very good,20.42841986
POINT(144.932282 -37.683299),20186,Broadmeadows (Vic.),Very good,7.960718992
POINT(145.272692 -38.453866),21217,Silverleaves,Very good,2.206054801
POINT(144.540525 -37.699347),20188,Brookfield (Vic.),Very good,10.68443075
POINT(144.841498 -37.816089),20189,Brooklyn (Vic.),Very good,5.475224978
POINT(143.920018 -37.397242),20190,Broomfield,Very poor,18.68084415
POINT(145.216299 -38.105050),21221,Skye (Vic.),Very good,16.6419144
POINT(143.912914 -37.512053),20191,Brown Hill (Vic.),Very good,43.56906272
POINT(143.926321 -37.269741),21222,Smeaton,Acceptable,184.296426
POINT(145.255152 -38.500664),21223,Smiths Beach,Very good,0.739777524
POINT(144.961267 -37.766442),20193,Brunswick (Vic.),Very good,5.142469999
POINT(145.288345 -37.627001),21224,Smiths Gully,Very good,14.75222195
POINT(144.977668 -37.768903),20194,Brunswick East,Very good,2.168041951
POINT(144.942536 -37.763319),20195,Brunswick West,Very good,3.179281678
POINT(145.172610 -38.392324),21229,Somers,Very good,4.146713084
POINT(144.950763 -37.634683),21230,Somerton (Vic.),Very good,5.410106476
POINT(145.987333 -38.662154),20200,Buffalo,Poor,182.4670154
POINT(145.198101 -38.232772),21231,Somerville (Vic.),Very good,31.37369242
POINT(144.742064 -38.344718),21232,Sorrento (Vic.),Very good,7.013690534
POINT(145.575066 -38.593735),21233,South Dudley,Very good,1.539013073
POINT(144.791031 -37.635244),20203,Bulla (Vic.),Very good,33.68449791
POINT(144.356151 -38.159381),21234,South Geelong,Good,0.662646268
POINT(145.087180 -37.768885),20204,Bulleen,Very good,6.671084058
POINT(144.870898 -37.830178),21235,South Kingsville,Very good,0.731174627
POINT(144.496405 -37.476395),20205,Bullengarook,Very good,70.35188205
POINT(144.956973 -37.833409),21236,South Melbourne,Very good,2.459794056
POINT(145.083637 -37.631663),21237,South Morang,Very good,21.45188901
POINT(145.946428 -38.094150),20207,Buln Buln,Acceptable,22.05541021
POINT(146.011376 -38.072286),20208,Buln Buln East,Very good,23.16685484
POINT(144.949324 -37.825320),21239,South Wharf,Poor,0.457639407
POINT(144.991484 -37.839174),21240,South Yarra,Very good,3.649493951
POINT(144.964250 -37.825215),21241,Southbank,Very good,1.262327329
POINT(144.887836 -37.829949),21242,Spotswood,Very good,3.178241654
POINT(145.059671 -37.698249),20212,Bundoora (Vic.),Very good,16.87847566
POINT(143.983854 -37.550003),20213,Bungaree (Vic.),Poor,43.78594696
POINT(144.029925 -37.501999),21244,Springbank,Very poor,87.24984182
POINT(143.900268 -37.652200),20214,Buninyong,Very good,23.60398115
POINT(145.157856 -37.945696),21246,Springvale (Vic.),Very good,11.10578013
POINT(145.725096 -38.107112),20216,Bunyip,Very good,33.16517224
POINT(145.147862 -37.970845),21247,Springvale South,Very good,4.559806203
POINT(145.017521 -37.829639),20217,Burnley,Very good,1.071211789
POINT(144.804959 -37.745098),21248,St Albans (Vic.),Very good,12.78749552
POINT(144.753007 -37.749370),20218,Burnside (Vic.),Very good,2.513361226
POINT(144.392070 -38.188018),21249,St Albans Park,Very good,2.084468953
POINT(144.755594 -37.732422),20219,Burnside Heights,Very good,2.027921588
POINT(145.287380 -37.583255),21250,St Andrews (Vic.),Very good,39.78992644
POINT(144.831154 -38.419961),21251,St Andrews Beach,Very good,3.078817762
POINT(145.111381 -37.849572),20222,Burwood (Vic.),Very good,6.033680712
POINT(145.129555 -37.689516),21253,St Helena,Very good,1.63865002
POINT(145.150416 -37.853586),20223,Burwood East,Very good,4.262350459
POINT(144.981640 -37.863821),21255,St Kilda (Vic.),Very good,3.179438475
POINT(145.706991 -37.422093),20225,Buxton (Vic.),Poor,1.293051586
POINT(145.002163 -37.866813),21256,St Kilda East,Very good,2.255655497
POINT(144.971248 -37.857974),21257,St Kilda West,Very good,0.528717343
POINT(144.707738 -38.185638),21258,St Leonards (Vic.),Very good,5.526350871
POINT(144.787806 -37.759313),20230,Cairnlea,Very good,4.404986678
POINT(144.761134 -37.676275),20231,Calder Park,Very poor,2.691410303
POINT(145.537425 -38.233515),20232,Caldermeade,Poor,60.3576306
POINT(145.380952 -37.579749),21263,Steels Creek,Very good,30.21322109
POINT(145.256360 -37.220099),21267,Strath Creek,Poor,183.981901
POINT(145.074017 -37.838442),20237,Camberwell (Vic.),Good,7.291566484
POINT(144.959560 -37.664175),20239,Campbellfield,Very good,12.3926562
POINT(144.200993 -37.091417),20240,Campbells Creek,Good,8.295455894
POINT(145.280948 -37.533610),21271,Strathewen,Very good,30.80474813
POINT(144.917033 -37.733246),21274,Strathmore (Vic.),Very good,3.453395375
POINT(145.311264 -38.211435),20244,Cannons Creek,Good,1.263215108
POINT(144.896882 -37.713348),21275,Strathmore Heights,Very good,0.691242907
POINT(145.075778 -37.824320),20245,Canterbury (Vic.),Good,3.027267161
POINT(145.868903 -38.346905),21277,Strzelecki (Vic.),Poor,71.58178162
POINT(145.613804 -38.671703),20247,Cape Paterson,Very good,1.417406696
POINT(144.971250 -37.118309),21278,Sugarloaf Creek,Poor,186.7345322
POINT(144.890983 -38.466621),20248,Cape Schanck,Good,4.561159414
POINT(145.344075 -38.542848),20249,Cape Woolamai,Very good,6.117249288
POINT(144.714948 -37.547079),21280,Sunbury,Very good,132.2228937
POINT(145.262691 -38.492201),21281,Sunset Strip (Vic.),Very good,1.101282448
POINT(144.834252 -37.789322),21282,Sunshine (Vic.),Very good,4.7318584
POINT(144.836189 -37.763929),21283,Sunshine North,Very good,8.022928529
POINT(144.811089 -37.798340),21284,Sunshine West,Very good,9.647751997
POINT(145.287743 -38.508929),21285,Surf Beach (Vic.),Poor,1.600108262
POINT(145.420243 -38.124979),20255,Cardinia,Acceptable,47.02857257
POINT(145.098185 -37.826924),21286,Surrey Hills,Very good,4.372811026
POINT(144.527530 -37.272142),20258,Carlsruhe,Very poor,65.58171538
POINT(144.968419 -37.800421),20259,Carlton (Vic.),Very good,1.696310361
POINT(144.968488 -37.786606),20260,Carlton North,Very good,1.870962821
POINT(145.055898 -37.893391),20261,Carnegie,Very good,3.804657494
POINT(144.765305 -37.699709),21292,Sydenham (Vic.),Very good,3.559937691
POINT(145.715858 -37.334597),21293,Taggerty,Very good,93.74659067
POINT(144.737188 -37.734512),20263,Caroline Springs,Very good,8.337390479
POINT(145.127994 -38.076718),20265,Carrum,Very good,1.555448069
POINT(145.175794 -38.092778),20266,Carrum Downs,Very good,20.3077626
POINT(145.418451 -37.521429),20267,Castella,Acceptable,26.27180481
POINT(145.151842 -37.126675),21299,Tallarook,Acceptable,219.3768697
POINT(145.651829 -38.194615),20271,Catani,Very good,34.17655298
POINT(145.026337 -37.884064),20273,Caulfield,Very good,1.470230324
POINT(145.042006 -37.881233),20274,Caulfield East,Very good,1.258465063
POINT(145.021587 -37.872048),20275,Caulfield North,Very good,4.201915447
POINT(144.349298 -37.140503),21306,Taradale (Vic.),Very good,46.87333311
POINT(145.024924 -37.894667),20276,Caulfield South,Very good,3.272058669
POINT(144.677913 -37.830812),21308,Tarneit,Very good,26.21056976
POINT(144.272787 -38.164549),20278,Ceres,Very good,12.42800639
POINT(145.100145 -37.882268),20279,Chadstone,Very good,3.081514271
POINT(145.879097 -38.702307),21311,Tarwin Lower,Poor,176.3911598
POINT(145.121400 -38.049714),20281,Chelsea,Very good,2.625084004
POINT(145.134238 -38.040843),20282,Chelsea Heights,Very good,3.195474236
POINT(145.061523 -37.963413),20283,Cheltenham (Vic.),Very good,10.12164075
POINT(144.253254 -37.092515),20286,Chewton,Poor,52.49188068
POINT(145.891340 -37.233443),21318,Taylor Bay,Poor,42.53982905
POINT(144.752839 -37.715225),21319,Taylors Hill,Very good,4.590850553
POINT(145.314315 -37.738602),20289,Chirnside Park,Very good,22.20266183
POINT(144.786306 -37.698633),21320,Taylors Lakes,Very good,7.475419994
POINT(145.313683 -37.658250),20290,Christmas Hills (Vic.),Very good,49.77212438
POINT(145.344677 -37.903029),21321,Tecoma,Very good,1.647771963
POINT(145.487376 -37.605143),20291,Chum Creek,Very good,22.4874449
POINT(144.047895 -38.025765),21322,Teesdale (Vic.),Very good,13.11261413
POINT(143.961720 -37.686688),20293,Clarendon (Vic.),Poor,26.14365561
POINT(145.148633 -37.754047),21324,Templestowe,Very good,16.11723664
POINT(145.106009 -37.943093),20294,Clarinda,Very good,3.509355233
POINT(145.112273 -37.763868),21325,Templestowe Lower,Very good,5.93819263
POINT(144.793773 -37.469301),20295,Clarkefield,Poor,99.72814358
POINT(145.506206 -38.440262),21326,Tenby Point,Poor,42.65429971
POINT(145.130414 -37.917310),20296,Clayton,Very good,8.313071878
POINT(145.125214 -37.943061),20297,Clayton South,Very good,7.938549055
POINT(145.321373 -37.855687),21328,The Basin (Vic.),Good,5.716100958
POINT(145.417637 -37.934082),20298,Clematis,Very good,2.499184161
POINT(145.583545 -38.362344),21329,The Gurdies,Very poor,82.36745776
POINT(145.402157 -37.891870),21330,The Patch,Very good,3.976169752
POINT(144.997542 -37.790439),20300,Clifton Hill,Very good,1.738930036
POINT(145.008275 -37.683855),21331,Thomastown,Very good,14.68424644
POINT(144.570616 -38.154236),20301,Clifton Springs,Good,5.002062343
POINT(144.378902 -38.169844),21332,Thomson (Greater Geelong - Vic.),Very good,0.902156448
POINT(145.151086 -37.355995),20302,Clonbinane,Acceptable,275.606603
POINT(145.005138 -37.758288),21333,Thornbury,Very good,5.292804294
POINT(145.978739 -38.221360),20303,Cloverlea,Very poor,42.16203894
POINT(145.812103 -37.269647),21334,Thornton (Vic.),Acceptable,79.88919522
POINT(145.354951 -38.149015),20305,Clyde (Vic.),Acceptable,38.90263405
POINT(145.731501 -37.854473),21336,Three Bridges,Poor,99.73586307
POINT(144.964202 -37.744875),20311,Coburg,Very good,6.933716816
POINT(144.967456 -37.726991),20312,Coburg North,Very good,4.878197294
POINT(145.717024 -38.029144),21343,Tonimbuk,Poor,55.12450209
POINT(145.512738 -37.929884),20313,Cockatoo (Vic.),Very good,35.32356585
POINT(144.621508 -37.968680),20314,Cocoroc,Very poor,64.74553174
POINT(145.506696 -37.508571),21346,Toolangi,Acceptable,133.0337398
POINT(144.486651 -37.590992),20316,Coimadai,Very good,71.63087235
POINT(144.594298 -37.614772),21347,Toolern Vale,Acceptable,115.8492452
POINT(145.396445 -37.698599),20321,Coldstream (Vic.),Good,80.24969253
POINT(145.382762 -38.201318),21353,Tooradin,Very good,26.68673215
POINT(145.017609 -37.841617),21354,Toorak,Very good,4.319144767
POINT(144.988136 -37.802091),20324,Collingwood (Vic.),Very good,1.267039456
POINT(144.850153 -38.377704),21356,Tootgarook,Very good,3.488048754
POINT(144.322167 -38.308148),21357,Torquay (Vic.),Very good,34.30407181
POINT(144.386419 -38.252925),20328,Connewarre,Poor,42.70107879
POINT(144.852891 -37.804671),21359,Tottenham (Vic.),Very good,2.152508373
POINT(144.934602 -37.656753),20329,Coolaroo,Very good,3.135531247
POINT(145.617115 -38.145785),20332,Cora Lynn,Very good,23.17066982
POINT(145.431179 -38.414591),20334,Corinella (Vic.),Very good,1.818009565
POINT(144.375788 -38.067583),20335,Corio,Very good,18.9635134
POINT(145.444936 -38.433309),20336,Coronet Bay,Very good,4.095845577
POINT(144.935446 -37.780756),21367,Travancore,Very good,0.418301193
POINT(145.315741 -37.878846),21369,Tremont,Very poor,5.335716274
POINT(144.339306 -37.371769),21370,Trentham,Poor,129.0597192
POINT(145.223197 -37.607096),20340,Cottles Bridge,Very good,18.45773703
POINT(145.229046 -38.456221),20341,Cowes,Very good,8.138796737
POINT(144.734494 -37.831908),21372,Truganina,Very good,26.2016423
POINT(145.096737 -38.298695),21373,Tuerong,Very good,38.94951541
POINT(144.940125 -37.572776),20343,Craigieburn,Very good,35.32130024
POINT(144.871752 -37.704625),21374,Tullamarine,Very good,7.954622833
POINT(145.275709 -38.106896),20344,Cranbourne,Very good,13.0266293
POINT(145.342222 -38.104444),20345,Cranbourne East,Very good,42.88919545
POINT(145.187138 -38.263711),21376,Tyabb,Very good,25.53132809
POINT(145.298843 -38.077494),20346,Cranbourne North,Very good,10.23952792
POINT(145.253216 -38.156765),20347,Cranbourne South,Very good,18.51059779
POINT(144.426345 -37.319535),21378,Tylden,Poor,76.52073297
POINT(145.248402 -38.101848),20348,Cranbourne West,Very good,12.89820888
POINT(145.633922 -38.096501),21379,Tynong,Poor,28.48941379
POINT(144.992765 -37.829021),20349,Cremorne (Vic.),Very good,0.665296098
POINT(145.628001 -38.028101),21380,Tynong North,Very good,48.36339214
POINT(145.202887 -38.352354),20352,Crib Point,Very good,6.515952277
POINT(145.284420 -37.795164),20354,Croydon (Vic.),Very good,14.19584018
POINT(145.267078 -37.775933),20355,Croydon Hills,Very good,2.258917815
POINT(145.283918 -37.771864),20356,Croydon North,Very good,4.00733138
POINT(145.309862 -37.896670),21387,Upper Ferntree Gully,Very good,2.890478685
POINT(145.273623 -37.815011),20357,Croydon South,Very good,2.08326241
POINT(145.054651 -37.419665),21389,Upper Plenty,Very good,31.38679463
POINT(145.327969 -37.905212),21390,Upwey,Very good,6.755567061
POINT(144.524772 -38.176332),20361,Curlewis (Vic.),Good,17.31659447
POINT(145.200832 -38.490724),21392,Ventnor (Vic.),Very good,54.12896979
POINT(145.790325 -38.676206),21393,Venus Bay (Vic.),Very good,17.32778636
POINT(144.302945 -37.521856),20363,Dales Creek,Poor,2.079419597
POINT(145.199291 -37.838432),21394,Vermont,Very good,4.609475984
POINT(144.935420 -37.670834),20364,Dallas,Very good,2.424761856
POINT(145.187817 -37.854387),21395,Vermont South,Very good,6.183987251
POINT(145.536200 -38.559131),20365,Dalyston,Poor,49.98162188
POINT(145.093234 -37.739906),21396,Viewbank,Very good,4.51117531
POINT(145.212156 -37.984735),20366,Dandenong,Very good,11.16053662
POINT(145.214314 -37.955830),20367,Dandenong North,Very good,9.535355134
POINT(145.218887 -38.020683),20368,Dandenong South,Poor,22.70631506
POINT(144.403335 -37.646814),20370,Darley,Very good,51.83761248
POINT(146.020900 -38.176984),20371,Darnum,Very good,39.31195188
POINT(144.869727 -37.422519),20372,Darraweit Guim,Very good,71.79339239
POINT(145.964162 -38.828980),21403,Walkerville (Vic.),Poor,136.1758337
POINT(144.954229 -37.440300),21404,Wallan,Very good,136.6036772
POINT(144.140578 -37.352954),20374,Daylesford,Good,15.72767361
POINT(144.511831 -38.226547),21405,Wallington,Very good,37.36910441
POINT(143.945191 -37.457489),20375,Dean,Very poor,70.68612018
POINT(145.066405 -37.812093),20379,Deepdene (Vic.),Acceptable,1.05248548
POINT(144.302555 -38.175923),21410,Wandana Heights,Very good,1.628141813
POINT(144.771290 -37.768661),20380,Deer Park,Very good,8.078435184
POINT(145.454884 -37.812335),21412,Wandin East,Very good,9.294357453
POINT(144.777320 -37.719803),20382,Delahey,Very good,3.505506635
POINT(145.426293 -37.780597),21413,Wandin North,Very good,16.62366206
POINT(144.978694 -37.357163),21415,Wandong,Acceptable,46.19436161
POINT(144.776027 -37.798795),20386,Derrimut,Very good,13.25770517
POINT(145.225975 -37.852323),21419,Wantirna,Very good,8.306345834
POINT(145.315129 -38.191074),20389,Devon Meadows,Good,37.94852515
POINT(145.221544 -37.874063),21420,Wantirna South,Very good,13.93906511
POINT(145.466913 -37.980086),20391,Dewhurst,Very good,6.785106428
POINT(145.719409 -37.780828),21422,Warburton (Vic.),Very good,54.251538
POINT(145.158693 -37.666963),20393,Diamond Creek,Very good,19.80834873
POINT(145.311722 -38.221369),21424,Warneet,Very good,0.631989333
POINT(144.697636 -37.620824),20395,Diggers Rest,Very good,67.75065566
POINT(145.929081 -38.149862),21426,Warragul,Very good,66.16966569
POINT(145.896438 -38.215817),21427,Warragul South,Poor,45.18924127
POINT(145.209115 -37.747795),21428,Warrandyte,Very good,17.3428264
POINT(145.244060 -37.759602),21429,Warrandyte South,Good,4.528924761
POINT(145.124406 -37.987766),20399,Dingley Village,Very good,16.32544139
POINT(145.250083 -37.772485),21430,Warranwood,Very good,3.074937009
POINT(145.428144 -37.586869),20401,Dixons Creek,Very good,52.86169381
POINT(143.922139 -37.576764),21432,Warrenheip,Very good,10.40721349
POINT(144.940343 -37.818086),20402,Docklands,Very good,3.001915909
POINT(145.592283 -37.736365),20403,Don Valley,Very good,15.08766075
POINT(145.123853 -37.784828),20405,Doncaster,Very good,8.774365131
POINT(145.163892 -37.778863),20406,Doncaster East,Very good,11.17198404
POINT(145.191431 -37.789785),20407,Donvale,Very good,11.65057768
POINT(145.066840 -37.300233),21438,Waterford Park,Very good,0.189572768
POINT(145.130505 -38.014779),21439,Waterways,Very good,1.694811266
POINT(145.143091 -37.596912),20409,Doreen,Very good,32.23579159
POINT(145.083642 -37.710417),21440,Watsonia,Very good,2.33532965
POINT(145.084961 -37.696031),21441,Watsonia North,Very good,1.450266079
POINT(145.238263 -37.988907),20411,Doveton,Very good,4.200990206
POINT(145.667967 -38.588918),21442,Wattle Bank,Very poor,66.28240176
POINT(145.191608 -37.669939),21443,Wattle Glen,Very good,7.016239765
POINT(145.010367 -38.331963),20413,Dromana,Very good,30.23505073
POINT(145.831827 -38.134275),20414,Drouin,Very good,39.87010946
POINT(144.279777 -38.213380),21445,Waurn Ponds,Very good,38.77777947
POINT(145.880296 -38.114276),20415,Drouin East,Acceptable,13.27589202
POINT(145.835448 -38.188493),20416,Drouin South,Very poor,47.70965682
POINT(145.863881 -38.081961),20417,Drouin West,Very good,23.5967416
POINT(144.353788 -38.130167),20419,Drumcondra,Very good,0.273392548
POINT(144.314272 -37.214554),20420,Drummond,Poor,75.90719252
POINT(144.665605 -37.896270),21452,Werribee,Very good,24.18259555
POINT(144.597366 -38.175279),20422,Drysdale,Acceptable,42.8311293
POINT(144.697714 -37.936350),21453,Werribee South,Very good,38.46311473
POINT(145.697081 -37.690059),21455,Wesburn,Acceptable,266.4514654
POINT(143.972157 -37.594066),20425,Dunnstown,Very good,23.07420801
POINT(144.871037 -37.800542),21457,West Footscray,Very good,3.828502143
POINT(143.903562 -37.689826),20427,Durham Lead,Very poor,31.58227283
POINT(144.925223 -37.809332),21458,West Melbourne,Very good,6.59269441
POINT(144.893947 -37.675130),21460,Westmeadows,Very good,5.0137399
POINT(145.063801 -37.763790),20430,Eaglemont,Very good,2.148285181
POINT(144.232474 -37.337015),21462,Wheatsheaf,Poor,36.21950964
POINT(145.186883 -37.907586),21463,Wheelers Hill,Very good,10.45085009
POINT(144.378630 -38.156071),20433,East Geelong,Very good,2.917881959
POINT(144.981886 -37.812872),20434,East Melbourne,Very good,1.399181941
POINT(144.393724 -38.177478),21467,Whittington,Very good,1.828645497
POINT(145.794043 -37.764000),20437,East Warburton,Good,85.73930627
POINT(145.132234 -37.460452),21468,Whittlesea,Very good,96.77255734
POINT(144.807794 -37.547268),21471,Wildwood,Very poor,60.71076003
POINT(144.749469 -37.861780),21473,Williams Landing,Acceptable,5.849682865
POINT(144.892123 -37.861619),21474,Williamstown (Vic.),Very good,5.200872262
POINT(145.071704 -37.497699),20444,Eden Park,Very good,28.54177667
POINT(144.867018 -37.853090),21475,Williamstown North,Very good,2.146052595
POINT(145.114920 -38.037533),20446,Edithvale,Very good,2.065096108
POINT(144.887573 -37.224059),21477,Willowmavin,Very poor,144.6326936
POINT(144.105479 -37.371405),20447,Eganstown,Poor,44.07632523
POINT(145.943748 -37.396916),20448,Eildon,Acceptable,758.3777326
POINT(143.983289 -37.766196),20449,Elaine,Poor,173.6381842
POINT(145.234151 -38.480197),21480,Wimbledon Heights,Good,0.336403808
POINT(143.958071 -38.238312),21481,Winchelsea,Very good,226.6277117
POINT(143.953719 -38.340879),21482,Winchelsea South,Poor,105.6007896
POINT(145.946181 -38.277934),20453,Ellinbank,Poor,69.25540765
POINT(144.992182 -37.854468),21484,Windsor (Vic.),Very good,1.110728136
POINT(145.007008 -37.885852),20457,Elsternwick,Very good,2.60297195
POINT(145.000925 -37.596603),21488,Wollert,Very good,62.89030478
POINT(145.159292 -37.717733),20458,Eltham (Vic.),Very good,16.31326266
POINT(145.142440 -37.697759),20459,Eltham North,Very good,4.25625693
POINT(145.269798 -37.735657),21490,Wonga Park,Very good,23.21714994
POINT(144.985534 -37.880922),20460,Elwood,Very good,2.553575671
POINT(145.589053 -38.609580),21491,Wonthaggi,Very good,9.761871241
POINT(145.436471 -37.946060),20461,Emerald (Vic.),Very good,49.99301762
POINT(144.526272 -37.362364),21493,Woodend (Vic.),Very good,69.50628401
POINT(145.256083 -37.969771),20463,Endeavour Hills,Very good,15.20741478
POINT(144.528725 -37.315790),21494,Woodend North,Good,28.48417917
POINT(145.026623 -37.639123),20466,Epping (Vic.),Very good,21.99942732
POINT(145.029072 -37.542510),21497,Woodstock (Vic.),Poor,55.38221015